contact_id,first_name,last_name,email,company_name,job_title,company_size,industry,country,num_website_visits,content_downloads,attended_webinar,message,intent_level,opportunity_size,purchase_timeline,lead_score_level,intent_level_pred,opportunity_size_pred,purchase_timeline_pred,reasoning,intent_level_pred_v2,opportunity_size_pred_v2,purchase_timeline_pred_v2,reasoning_v2,intent_level_pred_v3,opportunity_size_pred_v3,purchase_timeline_pred_v3,reasoning_v3
L001,Marcus,Webb,mwebb@vertexlogistics.com,Vertex Logistics,VP of Sales,1000+,Logistics,USA,14,3,True,We're currently using Salesforce but our team has been struggling with adoption and reporting. I'm evaluating alternatives for a potential Q1 rollout across our 200-person sales org. Can someone reach out this week to schedule a demo?,high,large,immediate,hot,high,large,3-6 months,"The lead is actively evaluating alternatives with a specific timeline for a Q1 rollout and requests a demo, indicating high intent. The company size and VP-level title classify this as a large opportunity. The timeline is set for Q1, suggesting a 3-6 month purchase window.",high,large,3-6 months,"The lead is actively evaluating alternatives with a clear implementation window for Q1, indicating high intent. The VP of Sales at a 1000+ employee company suggests a large opportunity size. The mention of a Q1 rollout suggests a 3-6 month purchase timeline.",high,large,3-6 months,"The lead is actively evaluating alternatives to Salesforce for a large sales team, indicating high intent and a large opportunity size. The mention of a Q1 rollout suggests a purchase timeline of 3-6 months."
L002,James,Okafor,jokafor@novanthealth.org,Novant Health,Chief Revenue Officer,1000+,Healthcare,USA,6,1,False,We're in the process of standardizing our CRM across 4 regional sales teams and need to make a decision by end of month. We've already demoed two competitors. Looking for enterprise pricing and implementation timeline.,high,large,immediate,hot,high,large,immediate,"The lead expresses a clear intent to purchase with a decision needed by end of month, mentions standardizing across multiple teams, and requests enterprise pricing and implementation timeline, indicating high intent. The Chief Revenue Officer title and company size of 1000+ employees classify this as a large opportunity with an immediate purchase timeline.",high,large,immediate,"The message indicates an urgent need to make a decision by the end of the month, with a request for pricing and implementation timeline, suggesting high intent and an immediate purchase timeline. The company size and job title indicate a large opportunity.",high,large,immediate,"The lead is from a large company, is in the decision-making process, and needs to finalize by the end of the month, indicating high intent and immediate purchase timeline."
L003,Rachel,Kim,rkim@pinnacletech.com,Pinnacle Technologies,SVP of Sales,1000+,Technology,USA,18,4,True,Our current CRM contract expires in 45 days and we need to migrate fast. We have 350 reps across North America. Please have someone contact me urgently — we're ready to move forward pending a final demo.,high,large,immediate,hot,high,large,immediate,"The lead expresses urgency due to an expiring CRM contract in 45 days, a need for fast migration, and readiness to move forward pending a demo, indicating high intent. The company size of 1000+ and SVP title classify this as a large opportunity with an immediate purchase timeline.",high,large,immediate,"The message indicates urgency with a clear implementation window and readiness to move forward, and the lead is from a large company with a high-level job title.",high,large,immediate,"The lead is urgent about migrating due to an expiring contract, indicating high intent. With 350 reps, the opportunity size is large. The timeline is immediate as they need to move forward within 45 days."
L004,Thomas,Brennan,tbrennan@globaledge.io,GlobalEdge,Head of Revenue Operations,1000+,SaaS,UK,9,2,True,We've been evaluating CRM platforms for the past two months and PipelineIQ is on our shortlist. We need a solution for 500+ users with Salesforce integration. Can we schedule a call this week to discuss enterprise terms?,high,large,immediate,hot,high,large,immediate,"The lead is actively evaluating CRM platforms, has a specific requirement for 500+ users, and requests a call to discuss enterprise terms, indicating high intent. The company size of 1000+ and the Head of Revenue Operations title suggest a large opportunity. The request for a call this week implies an immediate purchase timeline.",high,large,immediate,"The message indicates active vendor evaluation with a request to discuss enterprise terms, suggesting high intent and an immediate timeline. The company size and job title confirm a large opportunity.",high,large,immediate,"The lead is actively evaluating CRM platforms, has a large user requirement, and is seeking to discuss terms this week, indicating high intent and immediate purchase timeline."
L005,Anita,Desai,adesai@fortemfg.com,Forte Manufacturing,VP of Business Development,1000+,Manufacturing,USA,11,3,False,We're consolidating three separate CRM tools into one platform for our global sales team of 400. Budget is approved. Need to see a demo this week and get a proposal by Friday.,high,large,immediate,hot,high,large,immediate,"The lead has a clear intent to purchase with an approved budget, a request for a demo and proposal by Friday, and a large sales team of 400, indicating high intent and immediate timeline. The VP title and company size of 1000+ classify this as a large opportunity.",high,large,immediate,"The message indicates an approved budget, a request for a demo and proposal within the week, and a large company size, all pointing to high intent and immediate purchase timeline.",high,large,immediate,The lead has a high intent as they are consolidating CRM tools and have an approved budget. The opportunity size is large due to the company size and global sales team. The purchase timeline is immediate as they need a demo and proposal this week.
L006,Kevin,Langley,klangley@stratusgroup.com,Stratus Group,Director of Sales,1000+,Financial Services,USA,7,2,True,I've been tasked with finding a new CRM before our fiscal year begins in 30 days. We need robust pipeline reporting and forecasting for a 150-person sales team. Please reach out ASAP.,high,large,immediate,hot,high,large,immediate,"The lead has a clear deadline (before fiscal year begins in 30 days) and specific requirements for a 150-person sales team, indicating strong purchase intent. The company size of 1000+ and Director-level title classify this as a large opportunity.",high,large,immediate,"The message indicates an urgent need to find a CRM within 30 days, with a clear implementation window and specific requirements, from a Director at a large company.",high,large,immediate,"The lead has a high intent as they are actively seeking a CRM solution with a specific timeline of 30 days, indicating an immediate purchase timeline. The company size and the need for a solution for a 150-person sales team suggest a large opportunity size."
L007,Sofia,Marchetti,smarchetti@brightpath.eu,BrightPath Solutions,Sales Operations Manager,201-1000,Consulting,Germany,8,2,True,We're planning a CRM overhaul for early next quarter. Our team of 80 reps needs better pipeline visibility and automated follow-up workflows. I'd like to schedule a discovery call to understand your capabilities.,high,medium,3-6 months,hot,high,medium,3-6 months,"The lead indicates a planned CRM overhaul for early next quarter and requests a discovery call, showing strong purchase intent. The company size and job title suggest a medium opportunity. The timeline is set for early next quarter, indicating a 3-6 month purchase window.",high,medium,3-6 months,"The message indicates a clear plan for a CRM overhaul and a request for a discovery call, showing high intent. The company size and job title suggest a medium opportunity size. The timeline for early next quarter aligns with a 3-6 month purchase timeline.",high,medium,3-6 months,"The lead has shown high intent by attending a webinar and requesting a discovery call. The company size and need for 80 reps suggest a medium opportunity size. The timeline for a CRM overhaul is early next quarter, indicating a 3-6 months purchase timeline."
L008,Derek,Hollis,dhollis@apexretail.com,Apex Retail Group,VP of Sales,201-1000,Retail,USA,10,3,True,We're actively evaluating CRM platforms ahead of our summer expansion. Currently at 120 reps and growing. PipelineIQ came highly recommended. Can we set up a demo in the next two weeks?,high,medium,3-6 months,hot,high,medium,immediate,"The lead expresses a clear intent to evaluate CRM platforms with a specific timeline for a demo in two weeks, indicating high intent. The company size and VP-level title suggest a medium opportunity. The mention of a summer expansion and active evaluation supports an immediate purchase timeline.",high,large,immediate,"The message indicates active vendor evaluation with a request for a demo within two weeks, suggesting high intent and an immediate purchase timeline. The VP of Sales at a company with 201-1000 employees indicates a large opportunity size.",high,large,3-6 months,"The lead is actively evaluating CRM platforms and wants a demo soon, indicating high intent. The company size and expansion plans suggest a large opportunity. The mention of a summer expansion aligns with a 3-6 months purchase timeline."
L009,Yuki,Tanaka,ytanaka@nexuslogic.jp,Nexus Logic,Revenue Operations Lead,201-1000,Technology,Japan,5,1,False,We're looking to replace our current CRM by Q3. Our sales team of 60 is struggling with reporting and pipeline management. I'd like to understand your pricing model and integration options.,high,medium,3-6 months,hot,high,medium,3-6 months,"The lead expresses a clear intent to replace their CRM by Q3, indicating a strong purchase intent. The company size and job title suggest a medium opportunity. The timeline is set for Q3, placing the purchase decision within 3-6 months.",high,medium,3-6 months,"The lead expresses a clear intent to replace their CRM by Q3, indicating active vendor evaluation and a specific implementation window. The company size and job title suggest a medium opportunity size.",medium,medium,6+ months,"The lead is looking to replace their CRM by Q3, indicating a timeline of 6+ months. The company size and sales team suggest a medium opportunity size. The intent level is medium due to specific interest in pricing and integration."
L010,Camille,Dupont,cdupont@lumieremed.fr,Lumiere Medical,Director of Sales Operations,201-1000,Healthcare,France,6,2,True,We're in the evaluation phase for a new CRM solution. Our 90-rep team needs better forecasting tools and territory management. Please connect us with someone who can walk us through a full demo.,high,medium,3-6 months,hot,high,medium,3-6 months,"The lead is in the evaluation phase and requests a full demo for a 90-rep team, indicating strong purchase intent. The company size and Director-level title suggest a medium opportunity. The lack of an immediate deadline suggests a 3-6 month purchase timeline.",high,large,3-6 months,"The message indicates active vendor evaluation and a request for a demo, suggesting high intent. The Director of Sales Operations at a company with 201-1000 employees indicates a large opportunity. The mention of being in the evaluation phase suggests a 3-6 month purchase timeline.",high,large,3-6 months,"The lead is actively evaluating CRM solutions and has a large sales team, indicating high intent and a large opportunity size. The request for a demo suggests a purchase timeline within 3-6 months."
L011,Ben,Hartley,bhartley@launchpadcrm.io,Launchpad Ventures,Co-Founder,11-50,Technology,USA,3,0,False,We just closed our Series A and need to stand up a CRM immediately. We're 12 reps right now but growing fast. I want to start onboarding within the next two weeks. Can someone call me tomorrow?,high,small,immediate,hot,high,small,immediate,"The lead expresses a need to implement a CRM immediately with a clear onboarding timeline of two weeks, indicating high intent. The company size of 11-50 and co-founder title suggest a small opportunity, but the urgency and recent Series A funding highlight immediate purchase potential.",high,small,immediate,"The message indicates a high intent with urgency to implement a CRM within two weeks, and the company size is small with 11-50 employees.",high,medium,immediate,"The lead has expressed an urgent need for a CRM due to recent funding and plans to onboard within two weeks, indicating high intent and an immediate purchase timeline. The company size suggests a medium opportunity size."
L012,Priya,Mehta,pmehta@swiftops.co,SwiftOps,Head of Sales,11-50,SaaS,Canada,2,1,False,We're a 20-person sales team and our spreadsheet-based pipeline tracking is completely falling apart. We need a CRM solution in place by the end of this month. Looking to move fast — please reach out today.,high,small,immediate,hot,high,small,immediate,"The lead expresses an urgent need for a CRM solution by the end of the month and requests immediate contact, indicating high intent. The company size of 11-50 employees classifies this as a small opportunity.",high,small,immediate,"The message indicates a clear urgency to implement a CRM solution by the end of the month, showing high intent and an immediate purchase timeline. The company size and job title suggest a small opportunity size.",high,medium,immediate,"The lead expresses urgency to implement a CRM solution by the end of the month, indicating high intent and an immediate purchase timeline. The company size suggests a medium opportunity size."
L013,Daniel,Cho,dcho@brightwavemedia.com,Brightwave Media,Sales Operations Manager,201-1000,Media,USA,1,0,False,We're a growing media company and our current CRM isn't keeping up with our pipeline volume. I'd like to understand if PipelineIQ could handle our use case — specifically around deal tracking and forecasting. Happy to jump on a call next week.,medium,medium,3-6 months,hot,medium,medium,3-6 months,"The lead expresses a need to evaluate CRM capabilities for specific use cases, indicating genuine interest but no immediate urgency. The company size and job title suggest a medium opportunity. The request to schedule a call next week suggests an active evaluation phase, likely within 3-6 months.",medium,medium,3-6 months,"The lead shows genuine interest in understanding if the CRM can handle their use case, but there's no explicit urgency or buying commitment. The company size and job title suggest a medium opportunity size.",medium,medium,3-6 months,"The lead shows interest in understanding the CRM's capabilities, indicating medium intent. The company size suggests a medium opportunity. The willingness to discuss next week suggests a 3-6 months timeline."
L014,Laura,Simmons,lsimmons@tritonservices.com,Triton Services,Director of Sales,201-1000,Professional Services,USA,4,1,False,We've been thinking about upgrading our CRM for a while. Our current tool is getting clunky and our team of 50 reps is frustrated. Would love to see what PipelineIQ offers. No rush but open to a conversation.,medium,medium,3-6 months,hot,medium,medium,6+ months,"The lead expresses interest in upgrading their CRM and is open to a conversation, indicating medium intent. The company size and Director-level title suggest a medium opportunity. The lack of urgency in the message suggests a purchase timeline of 6+ months.",medium,large,6+ months,"The lead expresses interest in upgrading their CRM but indicates no urgency, suggesting medium intent. The Director of Sales at a company with 201-1000 employees indicates a large opportunity size. The lack of urgency and mention of being open to a conversation suggests a 6+ months timeline.",medium,medium,6+ months,"The lead shows interest in upgrading their CRM but indicates no rush, suggesting a medium intent level. With 50 sales reps, the opportunity size is medium. The lack of urgency implies a purchase timeline of 6+ months."
L015,Marcus,Adeyemi,madeyemi@horizonpay.com,HorizonPay,VP of Sales,201-1000,Fintech,UK,5,1,True,We're exploring CRM options for our growing sales team. Currently 70 reps and we're looking for something more scalable than what we have. Interested in seeing a demo sometime in the next month or so.,medium,medium,3-6 months,hot,medium,medium,3-6 months,"The lead expresses interest in a demo and mentions a growing sales team, indicating genuine interest but not immediate urgency. The VP of Sales title and company size suggest a medium opportunity. The timeline is likely 3-6 months as they are exploring options and interested in a demo within the next month.",medium,large,3-6 months,"The lead expresses interest in a demo and mentions exploring options, indicating medium intent. The VP of Sales at a company with 201-1000 employees suggests a large opportunity size. The timeline is 3-6 months as they are exploring and interested in a demo within the next month.",high,medium,3-6 months,"The lead is actively exploring CRM options and has a specific interest in scalability for a sizable sales team, indicating high intent. The company size suggests a medium opportunity. The interest in a demo within a month suggests a purchase timeline of 3-6 months."
L016,Elena,Vasquez,evasquez@cloudninesoft.com,CloudNine Software,Sales Enablement Manager,201-1000,SaaS,USA,3,1,False,Our sales leadership is considering a CRM switch next quarter. I've been asked to gather information on a few platforms including PipelineIQ. Can you send over some materials and potentially schedule a call?,medium,medium,3-6 months,hot,medium,medium,3-6 months,"The message indicates a consideration for a CRM switch next quarter, showing medium intent with no immediate urgency. The company size and job title suggest a medium opportunity. The timeline is 3-6 months as they are gathering information for a decision next quarter.",medium,medium,3-6 months,"The message indicates genuine interest and openness to talk, but no urgency or strong purchase trigger. The company size and job title suggest a medium opportunity size, and the timeline is likely 3-6 months as they are considering a switch next quarter.",medium,medium,3-6 months,"The lead is gathering information for a potential CRM switch next quarter, indicating medium intent and a 3-6 month timeline. The company size suggests a medium opportunity size."
L017,Ravi,Patel,rpatel@meridianhealth.com,Meridian Health Systems,Director of Business Development,201-1000,Healthcare,USA,4,2,False,We're looking at CRM options for our BD team. Currently 45 people and growing. Interested in your forecasting and reporting capabilities. Would be open to a demo call in the coming weeks.,medium,medium,3-6 months,hot,medium,medium,3-6 months,"The lead expresses interest in specific CRM features and is open to a demo, indicating genuine interest but no immediate urgency. The company size and director-level title suggest a medium opportunity. The timeline is likely 3-6 months as they are exploring options and open to a demo in the coming weeks.",medium,large,3-6 months,"The lead shows genuine interest and openness to a demo but lacks urgency. The company size and job title indicate a large opportunity, and the timeline suggests active evaluation without an immediate deadline.",medium,medium,3-6 months,"The lead shows interest in CRM options and is open to a demo, indicating medium intent. The company size and team size suggest a medium opportunity. The timeline is likely 3-6 months as they are open to a demo in the coming weeks."
L018,Sandra,Flores,sflores@apexfinancial.com,Apex Financial,Director of Revenue Operations,201-1000,Financial Services,USA,11,2,True,Just wanted to get some more information about your platform.,medium,large,3-6 months,hot,medium,medium,3-6 months,"The message indicates a desire for more information without urgency, suggesting medium intent. The lead's role and company size suggest a medium opportunity. Strong behavioral signals imply active evaluation, aligning with a 3-6 month timeline.",low,large,6+ months,"The message indicates a request for information without urgency, suggesting low intent. The job title and company size indicate a large opportunity. No clear timeline is provided, suggesting a 6+ months purchase timeline.",medium,medium,6+ months,"The lead has shown interest through multiple website visits and attending a webinar, indicating medium intent. The company size suggests a medium opportunity size. The request for more information without urgency suggests a purchase timeline of 6+ months."
L019,Gregory,Moss,gmoss@titaniumcorp.com,Titanium Corp,SVP of Sales,1000+,Manufacturing,USA,8,2,True,Our team has been looking at a few CRM platforms. We're a large organization so any switch would take time. Just exploring options for now — can you send some information?,medium,large,3-6 months,hot,medium,large,6+ months,"The lead is exploring CRM options without urgency, indicating medium intent. The company size and SVP title suggest a large opportunity. The message implies a longer timeline due to the complexity of switching in a large organization.",medium,large,6+ months,"The message indicates exploration without urgency, suggesting medium intent. The company size and job title indicate a large opportunity. The mention of taking time implies a timeline of 6+ months.",medium,large,6+ months,"The lead is exploring options and has shown interest by attending a webinar, indicating medium intent. The company size suggests a large opportunity, but the timeline is extended as they are just exploring options."
L020,Hannah,Brewster,hbrewster@folioconsult.com,Folio Consulting,Principal Consultant,11-50,Consulting,USA,2,0,False,I heard about PipelineIQ through a colleague. We're a small team but thinking about formalizing our sales process. Not in a huge rush but curious what you offer for smaller teams.,medium,small,6+ months,hot,medium,small,6+ months,"The lead expresses curiosity and interest in formalizing their sales process but indicates no urgency, suggesting medium intent. The company size of 11-50 and the job title of Principal Consultant indicate a small opportunity. The lack of urgency points to a purchase timeline of 6+ months.",low,small,6+ months,"The message indicates curiosity and exploration without urgency, and the company size is small.",medium,small,6+ months,"The lead shows interest in formalizing their sales process but is not in a rush, indicating medium intent and a longer purchase timeline. The company size suggests a small opportunity size."
L021,Chris,Nakamura,cnakamura@pivotlabs.io,Pivot Labs,Founder,11-50,Technology,USA,3,1,False,We're a startup of about 15 people and starting to think about CRM tools. We're not ready to buy yet but I'd like to understand the landscape. Would love to get some pricing info and a general overview.,medium,small,6+ months,hot,low,small,6+ months,"The lead is in the early research phase, explicitly stating they are not ready to buy yet, indicating low intent. The company size of 11-50 and founder title suggest a small opportunity. The lack of urgency and minimal behavioral signals point to a purchase timeline of 6+ months.",low,small,6+ months,"The message indicates early research and curiosity without urgency, and the company size is small.",low,small,6+ months,"The lead is in the early stages of exploring CRM options and is not ready to purchase yet, indicating low intent and a longer purchase timeline. The company size suggests a small opportunity size."
L022,Fatima,Al-Hassan,falhassan@zestretail.ae,Zest Retail,Sales Manager,11-50,Retail,UAE,1,0,False,We're a small but growing retail brand. I'm researching CRM tools to potentially implement later this year. Would appreciate some information on your product and whether it'd be a fit for a team of 20.,medium,small,6+ months,hot,medium,small,6+ months,"The lead is researching CRM tools with potential implementation later in the year, indicating medium intent. The company size of 11-50 and a Sales Manager title suggest a small opportunity. The timeline is 6+ months as there is no immediate urgency.",low,small,6+ months,"The message indicates research and potential future implementation without urgency, suggesting low intent. The company size and job title classify the opportunity as small, and the timeline is 6+ months as they are considering implementation later this year.",medium,small,6+ months,"The lead is researching CRM tools for potential implementation later this year, indicating medium intent. The company size suggests a small opportunity, and the timeline is likely 6+ months as they are still in the research phase."
L023,Priya,Nair,priya.nair@gmail.com,Nair Consulting,Independent Consultant,1-10,Consulting,Canada,2,0,False,"Just curious what your pricing looks like. Not really in a rush, just browsing options.",low,small,6+ months,hot,low,small,6+ months,"The message indicates curiosity and browsing without urgency, suggesting low intent. The lead is an independent consultant in a small company, indicating a small opportunity. The lack of urgency and minimal behavioral signals suggest a purchase timeline of 6+ months.",low,small,6+ months,"The message indicates curiosity and browsing with no urgency, and the company size is small.",low,small,6+ months,"The lead is an independent consultant with low engagement and expressed no urgency, indicating low intent and a small opportunity size with a long purchase timeline."
L024,Tom,Rigby,trigby@outlook.com,Freelance,Sales Freelancer,1-10,Other,USA,1,0,False,Can you send me some info on your product? Thanks.,low,small,6+ months,hot,low,small,6+ months,"The message is a general request for information with no urgency or specific buying signals, indicating low intent. The lead is a freelancer with a company size of 1-10, suggesting a small opportunity and a long purchase timeline.",low,small,6+ months,"The message indicates a request for information without urgency, and the lead is a freelancer with minimal engagement.",low,small,na,"The lead is a freelancer with minimal engagement and a vague request for information, indicating low intent and small opportunity size."
L025,Mei,Lin,meilin@personalmail.com,Self-employed,Business Owner,1-10,Other,Australia,1,0,False,I run a small business and was wondering if your software might work for me. Just looking around at this point.,low,small,6+ months,hot,low,small,6+ months,"The message indicates the lead is in an early exploration phase with no urgency or specific requirements, and the small business size suggests a small opportunity. Minimal behavioral signals support a low intent classification.",low,small,6+ months,The message indicates curiosity and early research with no urgency or buying readiness.,low,small,na,"The lead is just exploring options and has shown minimal engagement, indicating low intent and a small opportunity size."
L026,Oliver,Stone,ostone@stoneadvisory.co,Stone Advisory,Principal,1-10,Financial Services,UK,2,0,False,Came across your site. What does PipelineIQ do exactly? Is it suitable for a very small team?,low,small,6+ months,hot,low,small,6+ months,The message indicates curiosity and information gathering with no urgency or specific buying intent. The company size of 1-10 and the role of Principal suggest a small opportunity. Minimal behavioral signals support a low intent classification.,low,small,6+ months,"The message indicates curiosity and information gathering without urgency or buying signals, and the company size is small.",low,small,na,"The lead is inquiring about basic information and suitability for a small team, indicating low intent and small opportunity size. No timeline is evident."
L027,Nina,Chavez,nchavez@nchavez.com,NC Consulting,Owner,1-10,Consulting,USA,1,0,False,"Hi, I'm just exploring tools for my consulting practice. No immediate need, just gathering info.",low,small,6+ months,hot,low,small,6+ months,"The message indicates exploration and information gathering with no immediate need, suggesting low intent. The company size of 1-10 and the title 'Owner' classify this as a small opportunity with a long purchase timeline.",low,small,6+ months,"The message indicates exploration and info gathering with no immediate need, suggesting low intent and a timeline of 6+ months. The company size is small based on the provided demographic data.",low,small,6+ months,"The lead is just exploring options with no immediate need, indicating low intent and a long purchase timeline. The company size suggests a small opportunity."
L028,Arjun,Kapoor,akapoor@personalweb.in,Independent,Freelancer,1-10,Other,India,1,0,False,Do you have a free plan? I'm a solo salesperson and not sure if this is right for me.,low,small,6+ months,hot,low,small,6+ months,"The message indicates browsing and uncertainty about fit, with a question about a free plan suggesting low purchase intent. The lead is a freelancer with a company size of 1-10, indicating a small opportunity and no immediate purchase timeline.",low,small,6+ months,"The lead is inquiring about a free plan, indicating low intent and exploratory behavior, with a small opportunity size as a freelancer.",low,small,na,"The lead is a freelancer with minimal engagement and is inquiring about a free plan, indicating low intent and small opportunity size."
L029,Mark,Jensen,mjensen@coastaladv.com,Coastal Advisors,Account Executive,51-200,Financial Services,USA,2,0,False,Someone on our team mentioned PipelineIQ. I'm just checking it out. We're not actively looking to switch right now.,low,medium,6+ months,hot,low,medium,6+ months,"The message indicates browsing and no active search for a new solution, suggesting low intent. The company size of 51-200 and the Account Executive role classify it as a medium opportunity. No urgency or timeline is mentioned, indicating a 6+ months purchase timeline.",low,medium,6+ months,The message indicates curiosity and information gathering without active buying readiness. The company size and job title suggest a medium opportunity size.,low,medium,6+ months,"The lead is just exploring options and not actively looking to switch, indicating low intent and a longer purchase timeline. The company size suggests a medium opportunity size."
L030,Ingrid,Larsen,ilarsen@nordicops.no,Nordic Operations,Sales Rep,51-200,Logistics,Norway,1,0,False,Heard your name mentioned at a conference. Just wanted to see what you're about. No urgent need at the moment.,low,medium,6+ months,hot,low,medium,6+ months,"The message indicates curiosity without urgency or specific requirements, suggesting early-stage interest. The company size of 51-200 supports a medium opportunity classification, but the lack of behavioral signals and the message content suggest a long purchase timeline.",low,medium,6+ months,"The message indicates curiosity without urgency, and the company size suggests a medium opportunity.",low,medium,na,"The lead has shown minimal engagement with only one website visit and no content downloads, indicating low intent. The company size suggests a medium opportunity size, but the message indicates no immediate need, making the purchase timeline not applicable."
L031,Paulo,Ferreira,pferreira@ferreiragroup.pt,Ferreira Group,Business Development Rep,51-200,Manufacturing,Portugal,2,0,False,We use a different CRM but I was curious about alternatives. Just doing some casual research for now.,low,medium,6+ months,hot,low,medium,6+ months,"The message indicates casual research and curiosity without urgency or buying intent. The company size of 51-200 suggests a medium opportunity, but the lack of behavioral signals and the message content point to a long purchase timeline.",low,medium,6+ months,"The message indicates curiosity and casual research without urgency, and the company size suggests a medium opportunity.",low,medium,6+ months,"The lead is casually researching alternatives and has minimal engagement, indicating low intent and a long purchase timeline. The company size suggests a medium opportunity size."
L032,William,Chen,wchen@globalfin.com,Global Financial Corp,"Associate, Strategy",1000+,Financial Services,USA,1,0,False,I'm doing some general market research on CRM platforms for an internal presentation. Not a purchasing decision at this stage — just looking to understand the landscape.,low,large,6+ months,hot,low,large,6+ months,"The message indicates the lead is conducting market research for an internal presentation, with no current purchasing intent. The company size of 1000+ suggests a large opportunity, but the lack of urgency or decision-making signals points to a timeline of 6+ months.",low,large,6+ months,"The message indicates research for an internal presentation with no purchasing intent, and the company size is over 1000 employees.",low,large,na,"The lead is conducting market research and not making a purchasing decision, indicating low intent. The company size suggests a large opportunity, but there is no purchase timeline."
L033,Diane,Hoffman,dhoffman@multinationalco.com,Multinational Co,Junior Sales Analyst,1000+,Retail,Germany,2,0,False,Our company uses a different CRM but I was asked to look into alternatives for a report. No immediate plans to switch.,low,large,6+ months,hot,low,large,6+ months,"The message indicates the lead is conducting research for a report with no immediate plans to switch, suggesting low intent. The company size of 1000+ employees classifies it as a large opportunity, but the junior role suggests limited decision-making power. The lack of urgency implies a 6+ months timeline.",low,large,6+ months,"The message indicates research for a report with no immediate plans to switch, suggesting low intent and a timeline of 6+ months. The company size classifies the opportunity as large.",low,large,na,"The lead is gathering information for a report with no immediate plans to switch, indicating low intent. The company size suggests a large opportunity, but there is no defined purchase timeline."
L034,Robert,Stafford,rstafford@deltacapital.com,Delta Capital,Head of Sales,1000+,Financial Services,USA,6,1,True,We have an executive review coming up next week and I need to present some CRM options. Can someone get back to me quickly with an overview and ballpark pricing for an enterprise deployment?,medium,large,immediate,hot,high,large,immediate,"The lead requests urgent information for an executive review next week, indicating high intent. The company size of 1000+ and the Head of Sales title suggest a large opportunity. The need for quick information aligns with an immediate purchase timeline.",high,large,immediate,"The message indicates urgency with a request for quick information for an executive review, suggesting high intent and an immediate timeline. The company size and job title indicate a large opportunity.",high,large,immediate,"The lead is from a large company, has shown interest by attending a webinar, and requires information quickly for an executive review, indicating high intent and an immediate timeline for a large opportunity."
L035,Julie,Park,jpark@synergycorp.com,Synergy Corp,VP Revenue Operations,1000+,SaaS,USA,7,2,True,We're in active budget conversations and CRM is on the table. I need some information quickly to share with our CFO. Can someone reach out by EOD?,medium,large,immediate,hot,high,large,immediate,"The lead mentions active budget conversations and a need to share information with the CFO by EOD, indicating high intent and urgency. The VP-level title and company size of 1000+ employees classify this as a large opportunity with an immediate purchase timeline.",high,large,immediate,"The message indicates urgency with a request for quick information to share with the CFO, suggesting active vendor evaluation and budget discussions. The VP title at a large company confirms a large opportunity size.",high,large,immediate,"The lead is actively discussing budget allocation for a CRM and needs information quickly, indicating high intent and an immediate timeline. The company size suggests a large opportunity."
L036,Carlos,Mendez,cmendez@andestelecom.com,Andes Telecom,Chief Sales Officer,1000+,Telecommunications,Colombia,5,2,False,We're planning a full CRM migration for our 300-person sales team starting next quarter. I want to begin the vendor evaluation process now. Please have an enterprise rep reach out to schedule a formal discovery session.,high,large,3-6 months,hot,high,large,3-6 months,"The lead indicates a clear plan for a CRM migration next quarter and requests to start the vendor evaluation process, showing high intent. The company size of 1000+ and a Chief Sales Officer title classify this as a large opportunity. The timeline is set for next quarter, suggesting a 3-6 month purchase timeline.",high,large,3-6 months,"The message indicates a clear intent to start vendor evaluation for a CRM migration, suggesting high intent. The company size and job title indicate a large opportunity. The timeline is 3-6 months as they plan to start next quarter.",high,large,3-6 months,"The lead is a Chief Sales Officer planning a CRM migration for a large sales team, indicating high intent and a large opportunity size. The timeline is 3-6 months as they plan to start next quarter."
L037,Leila,Amara,lamara@mideastlogistics.com,Mideast Logistics,VP of Sales,1000+,Logistics,UAE,4,1,True,We're evaluating CRMs for a planned rollout across our MENA sales organization of 250 reps. We're targeting an implementation start date of Q3. I'd like to start the conversation now.,high,large,3-6 months,hot,high,large,3-6 months,"The lead expresses a clear intent to evaluate CRMs for a specific rollout plan and mentions a target implementation start date of Q3, indicating strong purchase intent. The VP of Sales title and company size of 1000+ employees classify this as a large opportunity. The timeline suggests active evaluation with a 3-6 month purchase window.",high,large,3-6 months,"The lead is actively evaluating CRMs with a clear implementation plan and timeline, indicating high intent. The company size and job title suggest a large opportunity. The timeline is set for Q3, which is within 3-6 months.",high,large,3-6 months,"The lead is a VP of Sales from a large company, actively evaluating CRMs for a significant rollout, indicating high intent and a large opportunity size with a purchase timeline of 3-6 months as they plan to start in Q3."
L038,Natalie,Brooks,nbrooks@springhealthtech.com,Spring Health Tech,Director of Sales,51-200,Healthcare Technology,USA,9,3,True,Our CRM contract ends in 3 weeks and we haven't renewed. We have 65 reps and need to be onboarded onto a new platform ASAP. Can someone reach out today to start the process?,high,medium,immediate,hot,high,medium,immediate,"The lead expresses urgency with a CRM contract ending in 3 weeks and a need to onboard 65 reps ASAP, indicating high intent. The company size of 51-200 and a Director-level title suggest a medium opportunity. The immediate need to start the process confirms an immediate purchase timeline.",high,medium,immediate,"The message indicates an urgent need to onboard 65 reps onto a new CRM platform within 3 weeks, showing high intent and an immediate purchase timeline. The company size and job title suggest a medium opportunity size.",high,medium,immediate,"The lead has a high intent as they need a new CRM platform urgently, with a medium opportunity size due to 65 reps, and an immediate purchase timeline as their current contract ends in 3 weeks."
L039,Sam,Oduya,soduya@clearviewsaas.com,ClearView SaaS,Head of Sales Operations,51-200,SaaS,UK,7,2,False,We just lost access to our old CRM after a billing dispute. We need an emergency replacement for our team of 55 within the next week. Please call me as soon as possible.,high,medium,immediate,hot,high,medium,immediate,"The lead expresses an urgent need for a CRM replacement within a week due to a billing dispute, indicating high intent. The company size of 51-200 and the Head of Sales Operations title suggest a medium opportunity size.",high,medium,immediate,"The message indicates an urgent need for a CRM replacement within a week, showing high intent and an immediate purchase timeline. The company size and job title suggest a medium opportunity size.",high,medium,immediate,"The lead urgently needs a CRM replacement for their team of 55 within a week, indicating high intent and an immediate purchase timeline. The company size suggests a medium opportunity size."
L040,Victor,Hale,vhale@transcoast.com,Transcoast Inc,Sales Manager,51-200,Transportation,USA,2,0,False,My boss asked me to look into some CRM tools. Trying to get back to him by end of week. What are your main features?,low,medium,immediate,hot,medium,medium,immediate,"The lead is tasked by their boss to research CRM tools and has a deadline to report back by the end of the week, indicating a medium intent with some urgency. The company size and job title suggest a medium opportunity.",medium,medium,immediate,"The message indicates a genuine interest with a request for information, but no explicit urgency or buying commitment. The company size and job title suggest a medium opportunity size. The request to report back by the end of the week suggests an immediate timeline.",medium,medium,immediate,"The lead shows medium intent as they are researching CRM tools on behalf of their boss, indicating potential interest. The company size suggests a medium opportunity. The request for information by the end of the week suggests an immediate timeline."
L041,Cynthia,Warren,cwarren@baselineadv.com,Baseline Advisors,Account Manager,51-200,Consulting,USA,1,0,False,I was asked to gather some options for a CRM by this Friday. Can you send me a one-pager or overview?,low,medium,immediate,hot,medium,medium,immediate,"The lead is gathering CRM options with a specific deadline (this Friday), indicating some urgency but not a direct buying intent. The company size of 51-200 and the Account Manager title suggest a medium opportunity size.",medium,medium,immediate,"The message indicates a request for information with a specific deadline, suggesting medium intent. The company size and job title indicate a medium opportunity size. The request for information by Friday suggests an immediate timeline.",medium,medium,immediate,"The lead is gathering options for a CRM by a specific deadline, indicating a medium intent. The company size suggests a medium opportunity size. The request for information by this Friday suggests an immediate timeline."
L042,Patrick,Flynn,pflynn@emeraldops.ie,Emerald Operations,Sales Director,51-200,Professional Services,Ireland,5,1,True,We've been putting off a CRM decision for too long and now there's pressure from above to get something in place this quarter. We're about 80 reps. Not fully decided yet but need to move. Can we talk soon?,medium,medium,immediate,hot,high,medium,immediate,"The message indicates urgency with pressure to decide this quarter and a need to move quickly, suggesting high intent. The company size of 51-200 and a Sales Director title classify it as a medium opportunity. The timeline is immediate due to the stated pressure to implement this quarter.",high,medium,immediate,"The message indicates urgency with pressure to implement a CRM this quarter, suggesting high intent and an immediate timeline. The company size and job title classify the opportunity as medium.",high,medium,immediate,"The lead expresses urgency to implement a CRM this quarter, indicating high intent and an immediate purchase timeline. With 80 reps, the opportunity size is medium."
L043,Yara,Saleh,ysaleh@crescenttech.sa,Crescent Technologies,Revenue Manager,51-200,Technology,Saudi Arabia,4,1,False,We need a CRM solution in place within the next 30 days per a leadership mandate. We're not fully sold on any platform yet but are open to a demo this week if possible.,medium,medium,immediate,hot,high,medium,immediate,"The lead expresses a clear need for a CRM solution within 30 days due to a leadership mandate, indicating high intent. The company size of 51-200 and the job title of Revenue Manager suggest a medium opportunity size.",high,medium,immediate,"The message indicates a high intent with an explicit urgency to implement a CRM solution within 30 days, and the company size suggests a medium opportunity.",high,medium,immediate,"The lead has a clear mandate to implement a CRM within 30 days, indicating high intent and an immediate purchase timeline. The company size suggests a medium opportunity size."
L044,Leo,Dumont,ldumont@sparkhub.fr,SparkHub,Sales Lead,11-50,Technology,France,4,1,False,We're a 25-person startup scaling our sales team and want to get a proper CRM in place before we hit 50 reps. Looking to implement in the next couple months. Very interested in PipelineIQ — can we set up a call?,high,small,3-6 months,hot,high,small,3-6 months,"The lead expresses a clear interest in implementing a CRM soon and requests a call, indicating high intent. The company size of 11-50 suggests a small opportunity. The timeline for implementation is within the next couple of months, aligning with a 3-6 month purchase timeline.",high,small,3-6 months,"The message indicates a clear intent to implement a CRM soon, with a specific interest in PipelineIQ and a request to set up a call, suggesting high intent. The company size is small, and the timeline is within a couple of months, indicating a 3-6 month purchase timeline.",high,medium,3-6 months,"The lead is actively looking to implement a CRM soon and has expressed specific interest in our product, indicating high intent. The company size suggests a medium opportunity size, and their timeline to implement is within the next couple of months."
L045,Abby,Thornton,athornton@greenleafbio.com,Greenleaf Bio,VP of Sales,11-50,Biotech,USA,3,1,False,We're a biotech startup of 30 reps building out our commercial team. We need a CRM that can scale with us. Evaluating options now for a Q2 decision. Would love a demo.,high,small,3-6 months,hot,medium,small,3-6 months,"The lead is evaluating CRM options with a decision planned for Q2, indicating medium intent. The company size of 11-50 and VP-level title suggest a small opportunity. The timeline for a decision in Q2 aligns with a 3-6 month purchase timeline.",medium,small,3-6 months,"The lead is evaluating options and requests a demo, indicating medium intent. The company size is small, and they plan to decide by Q2, suggesting a 3-6 month timeline.",medium,medium,3-6 months,"The lead is actively evaluating CRM options and plans to make a decision by Q2, indicating medium intent. The company size suggests a medium opportunity size. The timeline for purchase is 3-6 months based on their Q2 decision plan."
L046,Gary,Simms,gsimms@personalmail.com,Self-employed,Solopreneur,1-10,Other,USA,1,0,False,I need a CRM by next week. What's your cheapest plan?,low,small,immediate,hot,high,small,immediate,"The lead expresses a clear urgency to acquire a CRM by next week, indicating high intent despite the small company size. The request for the cheapest plan suggests a small opportunity size, and the timeline is immediate due to the stated need by next week.",high,small,immediate,"The message indicates urgency with a request for a CRM by next week, suggesting high intent and an immediate purchase timeline. The company size and job title indicate a small opportunity size.",high,small,immediate,"The lead expressed an urgent need for a CRM by next week, indicating high intent and an immediate purchase timeline. As a solopreneur, the opportunity size is small."
L047,Michelle,Tran,mtran@pacificgroup.com,Pacific Group,Director of Strategy,1000+,Conglomerate,USA,3,1,False,We're doing a long-term technology roadmap review and CRM is one of the areas we're assessing. No immediate plans to change but I'd like to understand what PipelineIQ offers relative to incumbents.,medium,large,6+ months,hot,medium,large,6+ months,"The lead is in a research phase for a long-term technology roadmap with no immediate plans to change, indicating medium intent. The company size of 1000+ and a Director-level title suggest a large opportunity. The timeline is 6+ months as there are no immediate plans to change.",medium,large,6+ months,"The lead is exploring CRM options as part of a long-term review with no immediate plans to change, indicating medium intent and a 6+ months timeline. The company size and job title suggest a large opportunity.",low,large,6+ months,"The lead is in the early stages of assessment with no immediate plans to change, indicating low intent and a long purchase timeline. The company size suggests a large opportunity."
L048,Hans,Mueller,hmueller@deutschmanufaktur.de,Deutsch Manufaktur,Head of Sales,1000+,Manufacturing,Germany,2,0,False,We are a large organization currently satisfied with our CRM but open to exploring alternatives for future planning. Please send product information.,medium,large,6+ months,hot,medium,large,6+ months,"The lead expresses openness to exploring alternatives but indicates satisfaction with their current CRM, suggesting medium intent. The company size and job title indicate a large opportunity. The lack of urgency in the message suggests a purchase timeline of 6+ months.",low,large,6+ months,"The message indicates they are exploring alternatives without urgency, suggesting low intent. The company size and job title indicate a large opportunity, but the lack of urgency points to a timeline of 6+ months.",low,large,6+ months,"The company is large, but the intent is low as they are currently satisfied with their CRM and only open to exploring alternatives for future planning, indicating a longer purchase timeline."
L049,Isabel,Gomez,igomez@solanaretail.mx,Solana Retail,Sales Operations Manager,51-200,Retail,Mexico,6,2,True,We're planning to replace our CRM as part of a broader tech stack refresh planned for late this year. Our team is 75 reps. I want to start the evaluation process now so we're ready to decide when budget opens up in Q4.,high,medium,6+ months,hot,medium,medium,6+ months,"The lead indicates a planned CRM replacement and a desire to start evaluation, but the decision is contingent on budget opening in Q4, suggesting medium intent. The company size and job title indicate a medium opportunity. The timeline is 6+ months as the decision is planned for late this year.",medium,medium,6+ months,"The lead is planning a CRM replacement as part of a tech stack refresh with a decision expected in Q4, indicating medium intent and a 6+ months timeline. The company size and job title suggest a medium opportunity size.",medium,medium,6+ months,"The lead is actively planning to evaluate CRM options, indicating medium intent. With 75 reps, the opportunity size is medium. The purchase timeline is 6+ months as they plan to decide in Q4."
L050,Edward,Blake,eblake@fortexglobal.com,Fortex Global,Enterprise Account Executive,1000+,Technology,USA,1,0,False,Someone forwarded me your site. We're a big company and always looking at tools. Can you tell me more?,low,large,immediate,hot,low,large,6+ months,"The message indicates general interest without urgency or specific buying signals, suggesting low intent. The company size of 1000+ employees classifies it as a large opportunity, but the lack of behavioral engagement suggests a longer purchase timeline.",low,large,6+ months,"The message indicates curiosity and information gathering without urgency or a clear buying signal. The company size suggests a large opportunity, but the lack of urgency points to a longer purchase timeline.",low,large,na,"The lead shows low intent with minimal engagement and a general inquiry. The company size suggests a large opportunity, but no specific timeline is indicated."
